drop database if exists bill_system;
create database bill_system;
use bill_system;

create table bill (
	bill_number INT,
	bill_name VARCHAR(50),
	date_passed DATE,
	status VARCHAR(50),
	legal_history VARCHAR(50),
	date_filed DATE,
	constraint bill_number_pk primary key(bill_number)
);
insert into bill (bill_number, bill_name, date_passed, status, legal_history, date_filed) values (1, 'Wrapsafe', '2017-05-19', 'First Reading', 'Tresom', '2017-07-10');
insert into bill (bill_number, bill_name, date_passed, status, legal_history, date_filed) values (2, 'Greenlam', '2017-07-06', 'First Reading', 'Cookley', '2017-10-13');
insert into bill (bill_number, bill_name, date_passed, status, legal_history, date_filed) values (3, 'Zontrax', '2017-07-28', 'First Reading', 'Cardify', '2017-09-03');
insert into bill (bill_number, bill_name, date_passed, status, legal_history, date_filed) values (4, 'Veribet', '2017-06-09', 'First Reading', 'Bitchip', '2017-07-18');
insert into bill (bill_number, bill_name, date_passed, status, legal_history, date_filed) values (5, 'Bytecard', '2017-05-31', 'First Reading', 'Asoka', '2017-05-04');
insert into bill (bill_number, bill_name, date_passed, status, legal_history, date_filed) values (6, 'Stim', '2017-03-16', 'First Reading', 'Tampflex', '2017-10-23');
insert into bill (bill_number, bill_name, date_passed, status, legal_history, date_filed) values (7, 'Hatity', '2017-06-27', 'Second Reading', 'Tempsoft', '2017-04-09');
insert into bill (bill_number, bill_name, date_passed, status, legal_history, date_filed) values (8, 'Greenlam', '2017-11-14', 'Second Reading', 'Regrant', '2017-02-25');
insert into bill (bill_number, bill_name, date_passed, status, legal_history, date_filed) values (9, 'Daltfresh', '2017-07-20', 'Second Reading', 'Alpha', '2017-08-16');
insert into bill (bill_number, bill_name, date_passed, status, legal_history, date_filed) values (10, 'Viva', '2017-04-28', 'Second Reading', 'Bamity', '2017-06-27');
insert into bill (bill_number, bill_name, date_passed, status, legal_history, date_filed) values (11, 'Prodder', '2017-05-01', 'Second Reading', 'Alphazap', '2017-06-29');
insert into bill (bill_number, bill_name, date_passed, status, legal_history, date_filed) values (12, 'Y-find', '2017-08-13', 'Second Reading', 'Bitchip', '2017-06-05');
insert into bill (bill_number, bill_name, date_passed, status, legal_history, date_filed) values (13, 'Tresom', '2017-11-16', 'Second Reading', 'Cookley', '2017-09-18');
insert into bill (bill_number, bill_name, date_passed, status, legal_history, date_filed) values (14, 'Stim', '2016-12-16', 'Second Reading', 'Zontrax', '2017-05-30');
insert into bill (bill_number, bill_name, date_passed, status, legal_history, date_filed) values (15, 'Alphazap', '2017-08-18', 'Third Reading', 'Pannier', '2017-04-19');
insert into bill (bill_number, bill_name, date_passed, status, legal_history, date_filed) values (16, 'Lotstring', '2017-02-26', 'Third Reading', 'Stronghold', '2017-04-12');
insert into bill (bill_number, bill_name, date_passed, status, legal_history, date_filed) values (17, 'Bamity', '2017-02-19', 'Third Reading', 'Opela', '2017-11-03');
insert into bill (bill_number, bill_name, date_passed, status, legal_history, date_filed) values (18, 'Overhold', '2017-07-23', 'Third Reading', 'Quo Lux', '2017-08-06');
insert into bill (bill_number, bill_name, date_passed, status, legal_history, date_filed) values (19, 'Quo Lux', '2017-11-19', 'Third Reading', 'Flexidy', '2017-11-16');
insert into bill (bill_number, bill_name, date_passed, status, legal_history, date_filed) values (20, 'Voyatouch', '2017-08-15', 'Third Reading', 'Greenlam', '2017-08-18');
insert into bill (bill_number, bill_name, date_passed, status, legal_history, date_filed) values (21, 'Domainer', '2017-07-26', 'First Reading', 'Toughjoyfax', '2017-09-03');
insert into bill (bill_number, bill_name, date_passed, status, legal_history, date_filed) values (22, 'Span', '2017-09-19', 'First Reading', 'Tempsoft', '2017-05-07');
insert into bill (bill_number, bill_name, date_passed, status, legal_history, date_filed) values (23, 'Sonair', '2017-04-05', 'Second Reading', 'Y-Solowarm', '2017-04-03');
insert into bill (bill_number, bill_name, date_passed, status, legal_history, date_filed) values (24, 'Y-find', '2017-07-10', 'Second Reading', 'Fintone', '2016-12-31');
insert into bill (bill_number, bill_name, date_passed, status, legal_history, date_filed) values (25, 'Stringtough', '2017-09-14', 'Third Reading', 'Pannier', '2017-09-16');
insert into bill (bill_number, bill_name, date_passed, status, legal_history, date_filed) values (26, 'Voyatouch', '2017-01-12', 'Third Reading', 'Home Ing', '2017-04-02');
insert into bill (bill_number, bill_name, date_passed, status, legal_history, date_filed) values (27, 'Tresom', '2017-09-13', 'First Reading', 'Tempsoft', '2017-04-19');
insert into bill (bill_number, bill_name, date_passed, status, legal_history, date_filed) values (28, 'Bitwolf', '2017-02-03', 'First Reading', 'Zontrax', '2017-08-31');
insert into bill (bill_number, bill_name, date_passed, status, legal_history, date_filed) values (29, 'Kanlam', '2017-05-10', 'Third Reading', 'Zathin', '2017-03-08');
insert into bill (bill_number, bill_name, date_passed, status, legal_history, date_filed) values (30, 'Aerified', '2017-09-17', 'Third Reading', 'Asoka', '2017-10-26');
insert into bill (bill_number, bill_name, date_passed, status, legal_history, date_filed) values (31, 'Treeflex', '2017-04-19', 'Third Reading', 'Bamity', '2017-10-03');
insert into bill (bill_number, bill_name, date_passed, status, legal_history, date_filed) values (32, 'Trippledex', '2017-08-26', 'First Reading', 'Veribet', '2017-06-17');
insert into bill (bill_number, bill_name, date_passed, status, legal_history, date_filed) values (33, 'Zaam-Dox', '2017-06-16', 'Third Reading', 'Span', '2017-05-20');
insert into bill (bill_number, bill_name, date_passed, status, legal_history, date_filed) values (34, 'Fintone', '2017-10-26', 'First Reading', 'Domainer', '2017-01-07');
insert into bill (bill_number, bill_name, date_passed, status, legal_history, date_filed) values (35, 'Domainer', '2017-04-20', 'First Reading', 'Domainer', '2017-11-02');
insert into bill (bill_number, bill_name, date_passed, status, legal_history, date_filed) values (36, 'Tres-Zap', '2017-08-03', 'Second Reading', 'Tres-Zap', '2017-04-11');
insert into bill (bill_number, bill_name, date_passed, status, legal_history, date_filed) values (37, 'Tres-Zap', '2017-08-03', 'Second Reading', 'Tres-Zap', '2017-04-11');
insert into bill (bill_number, bill_name, date_passed, status, legal_history, date_filed) values (38, 'Quo Lux', '2017-07-07', 'Second Reading', 'Cookley', '2017-05-03');
insert into bill (bill_number, bill_name, date_passed, status, legal_history, date_filed) values (39, 'Voltsillam', '2016-12-09', 'Third Reading', 'Flowdesk', '2017-11-26');
insert into bill (bill_number, bill_name, date_passed, status, legal_history, date_filed) values (40, 'Mat Lam Tam', '2016-12-30', 'Second Reading', 'Treeflex', '2017-07-29');
insert into bill (bill_number, bill_name, date_passed, status, legal_history, date_filed) values (41, 'Bitchip', '2017-11-08', 'Third Reading', 'Tampflex', '2017-01-17');
insert into bill (bill_number, bill_name, date_passed, status, legal_history, date_filed) values (42, 'Fintone', '2017-06-13', 'Third Reading', 'Tampflex', '2017-02-19');
insert into bill (bill_number, bill_name, date_passed, status, legal_history, date_filed) values (43, 'Biodex', '2017-08-29', 'Third Reading', 'Redhold', '2017-01-25');
insert into bill (bill_number, bill_name, date_passed, status, legal_history, date_filed) values (44, 'Temp', '2017-02-13', 'Third Reading', 'Fix San', '2017-03-19');
insert into bill (bill_number, bill_name, date_passed, status, legal_history, date_filed) values (45, 'Cookley', '2017-10-20', 'Third Reading', 'Alphazap', '2017-04-03');
insert into bill (bill_number, bill_name, date_passed, status, legal_history, date_filed) values (46, 'Andalax', '2017-03-21', 'Second Reading-Ex', 'Cardguard', '2017-03-18');
insert into bill (bill_number, bill_name, date_passed, status, legal_history, date_filed) values (47, 'Flexidy', '2017-01-28', 'Second Reading', 'Sonair', '2017-10-23');
insert into bill (bill_number, bill_name, date_passed, status, legal_history, date_filed) values (48, 'Job', '2017-06-09', 'Second Reading', 'Daltfresh', '2017-07-31');
insert into bill (bill_number, bill_name, date_passed, status, legal_history, date_filed) values (49, 'Biodex', '2017-05-14', 'Second Reading', 'Home Ing', '2017-03-21');
insert into bill (bill_number, bill_name, date_passed, status, legal_history, date_filed) values (50, 'Prodder', '2016-12-11', 'Second Reading', 'Voyatouch', '2017-08-31');
insert into bill (bill_number, bill_name, date_passed, status, legal_history, date_filed) values (51, 'Tresom', '2017-04-22', 'Third Reading', 'Konklab', '2017-01-22');
insert into bill (bill_number, bill_name, date_passed, status, legal_history, date_filed) values (52, 'Kanlam', '2016-12-16', 'Third Reading', 'Matsoft', '2017-07-31');
insert into bill (bill_number, bill_name, date_passed, status, legal_history, date_filed) values (53, 'Matsoft', '2017-02-17', 'Third Reading', 'Stronghold', '2017-06-19');
insert into bill (bill_number, bill_name, date_passed, status, legal_history, date_filed) values (54, 'Regrant', '2017-01-27', 'Third Reading', 'Namfix', '2017-06-06');
insert into bill (bill_number, bill_name, date_passed, status, legal_history, date_filed) values (55, 'It', '2017-04-23', 'Third Reading', 'Gembucket', '2017-01-24');
insert into bill (bill_number, bill_name, date_passed, status, legal_history, date_filed) values (56, 'Zoolab', '2017-09-15', 'Second Reading', 'Home Ing', '2017-07-18');
insert into bill (bill_number, bill_name, date_passed, status, legal_history, date_filed) values (57, 'Flexidy', '2017-10-23', 'Third Reading', 'Flowdesk', '2016-12-23');
insert into bill (bill_number, bill_name, date_passed, status, legal_history, date_filed) values (58, 'Overhold', '2017-04-28', 'Third Reading', 'Veribet', '2017-05-13');
insert into bill (bill_number, bill_name, date_passed, status, legal_history, date_filed) values (59, 'Regrant', '2017-01-27', 'First Reading', 'Opela', '2017-11-16');
insert into bill (bill_number, bill_name, date_passed, status, legal_history, date_filed) values (60, 'Voltsillam', '2017-09-26', 'Third Reading', 'Lotlux', '2017-04-16');
insert into bill (bill_number, bill_name, date_passed, status, legal_history, date_filed) values (61, 'Hatity', '2017-02-10', 'Third Reading', 'Flowdesk', '2017-11-17');
insert into bill (bill_number, bill_name, date_passed, status, legal_history, date_filed) values (62, 'Temp', '2017-02-11', 'Third Reading', 'Lotstring', '2016-12-14');
insert into bill (bill_number, bill_name, date_passed, status, legal_history, date_filed) values (63, 'Transcof', '2017-12-02', 'Third Reading', 'Domainer', '2017-09-14');
insert into bill (bill_number, bill_name, date_passed, status, legal_history, date_filed) values (64, 'Holdlamis', '2017-08-27', 'Third Reading', 'It', '2017-04-01');
insert into bill (bill_number, bill_name, date_passed, status, legal_history, date_filed) values (65, 'Y-find', '2017-10-27', 'Second Reading', 'Duobam', '2017-05-25');
insert into bill (bill_number, bill_name, date_passed, status, legal_history, date_filed) values (66, 'Ronstring', '2017-11-01', 'Second Reading', 'Stringtough', '2017-07-03');
insert into bill (bill_number, bill_name, date_passed, status, legal_history, date_filed) values (67, 'Fintone', '2017-06-11', 'Second Reading', 'Bytecard', '2017-10-29');
insert into bill (bill_number, bill_name, date_passed, status, legal_history, date_filed) values (68, 'Stim', '2017-01-26', 'Second Reading', 'Quo Lux', '2016-12-25');
insert into bill (bill_number, bill_name, date_passed, status, legal_history, date_filed) values (69, 'Matsoft', '2017-05-09', 'Second Reading', 'Tin', '2017-10-22');
insert into bill (bill_number, bill_name, date_passed, status, legal_history, date_filed) values (70, 'Tres-Zap', '2017-07-20', 'First Reading', 'Overhold', '2016-12-15');
insert into bill (bill_number, bill_name, date_passed, status, legal_history, date_filed) values (71, 'Bamity', '2017-11-24', 'First Reading', 'Zoolab', '2017-06-20');
insert into bill (bill_number, bill_name, date_passed, status, legal_history, date_filed) values (72, 'Greenlam', '2017-04-29', 'First Reading', 'Domainer', '2017-09-21');
insert into bill (bill_number, bill_name, date_passed, status, legal_history, date_filed) values (73, 'Latlux', '2017-06-22', 'Second Reading', 'Tampflex', '2017-04-26');
insert into bill (bill_number, bill_name, date_passed, status, legal_history, date_filed) values (74, 'Biodex', '2017-09-07', 'Second Reading', 'Treeflex', '2017-01-15');
insert into bill (bill_number, bill_name, date_passed, status, legal_history, date_filed) values (75, 'Prodder', '2017-01-07', 'First Reading', 'Zamit', '2016-12-30');
insert into bill (bill_number, bill_name, date_passed, status, legal_history, date_filed) values (76, 'Holdlamis', '2016-12-08', 'Second Reading', 'Aerified', '2017-09-19');
insert into bill (bill_number, bill_name, date_passed, status, legal_history, date_filed) values (77, 'Bigtax', '2017-06-04', 'Second Reading', 'Fintone', '2017-03-13');
insert into bill (bill_number, bill_name, date_passed, status, legal_history, date_filed) values (78, 'Opela', '2017-02-03', 'First Reading', 'Prodder', '2016-12-31');
insert into bill (bill_number, bill_name, date_passed, status, legal_history, date_filed) values (79, 'Kanlam', '2017-05-04', 'First Reading', 'Fixflex', '2017-07-02');
insert into bill (bill_number, bill_name, date_passed, status, legal_history, date_filed) values (80, 'Sonsing', '2017-11-19', 'First Reading', 'Flexidy', '2017-02-01');
insert into bill (bill_number, bill_name, date_passed, status, legal_history, date_filed) values (81, 'Asoka', '2017-10-28', 'Second Reading', 'Bytecard', '2017-09-20');
insert into bill (bill_number, bill_name, date_passed, status, legal_history, date_filed) values (82, 'Y-find', '2017-01-22', 'First Reading', 'Ronstring', '2017-02-14');
insert into bill (bill_number, bill_name, date_passed, status, legal_history, date_filed) values (83, 'Wrapsafe', '2017-04-01', 'First Reading', 'Cookley', '2017-04-07');
insert into bill (bill_number, bill_name, date_passed, status, legal_history, date_filed) values (84, 'Alpha', '2016-12-27', 'First Reading', 'Tampflex', '2017-08-02');
insert into bill (bill_number, bill_name, date_passed, status, legal_history, date_filed) values (85, 'Cardguard', '2017-05-15', 'First Reading', 'Tres-Zap', '2017-11-15');
insert into bill (bill_number, bill_name, date_passed, status, legal_history, date_filed) values (86, 'Treeflex', '2017-03-30', 'First Reading', 'Toughjoyfax', '2017-05-28');
insert into bill (bill_number, bill_name, date_passed, status, legal_history, date_filed) values (87, 'Duobam', '2017-06-04', 'First Reading', 'Otcom', '2016-12-21');
insert into bill (bill_number, bill_name, date_passed, status, legal_history, date_filed) values (88, 'Ronstring', '2017-05-20', 'Third Reading', 'Pannier', '2017-08-28');
insert into bill (bill_number, bill_name, date_passed, status, legal_history, date_filed) values (89, 'Matsoft', '2017-08-22', 'Third Reading', 'It', '2017-03-08');
insert into bill (bill_number, bill_name, date_passed, status, legal_history, date_filed) values (90, 'Sub-Ex', '2017-04-21', 'Third Reading', 'Vagram', '2017-05-31');
insert into bill (bill_number, bill_name, date_passed, status, legal_history, date_filed) values (91, 'Rank', '2017-02-07', 'Third Reading', 'Alpha', '2017-04-14');
insert into bill (bill_number, bill_name, date_passed, status, legal_history, date_filed) values (92, 'Konklab', '2017-06-19', 'Third Reading', 'Konklux', '2017-10-14');
insert into bill (bill_number, bill_name, date_passed, status, legal_history, date_filed) values (93, 'Opela', '2017-08-21', 'Second Reading', 'Tres-Zap', '2017-11-03');
insert into bill (bill_number, bill_name, date_passed, status, legal_history, date_filed) values (94, 'Wrapsafe', '2017-05-23', 'Second Reading', 'Biodex', '2017-04-08');
insert into bill (bill_number, bill_name, date_passed, status, legal_history, date_filed) values (95, 'Latlux', '2017-09-28', 'Second Reading', 'Vagram', '2017-08-09');
insert into bill (bill_number, bill_name, date_passed, status, legal_history, date_filed) values (96, 'Aerified', '2016-12-21', 'Second Reading', 'Konklab', '2017-08-03');
insert into bill (bill_number, bill_name, date_passed, status, legal_history, date_filed) values (97, 'Andalax', '2017-09-24', 'First Reading', 'Tin', '2017-05-30');
insert into bill (bill_number, bill_name, date_passed, status, legal_history, date_filed) values (98, 'Konklab', '2017-09-21', 'Second Reading', 'Keylex', '2017-03-13');
insert into bill (bill_number, bill_name, date_passed, status, legal_history, date_filed) values (99, 'Rank', '2017-05-14', 'First Reading', 'Domainer', '2017-11-23');
insert into bill (bill_number, bill_name, date_passed, status, legal_history, date_filed) values (100, 'Keylex', '2017-02-05', 'First Reading', 'Quo Lux', '2017-02-13');

create table senator (
	senator_id INT AUTO_INCREMENT,
	senator_name VARCHAR(50),
	senator_bill_number INT,
	email VARCHAR(50),
	date_elected DATE,
	position VARCHAR(50),
	constraint senator_senator_id_pk primary key(senator_id), 
	constraint bill_fk foreign key(senator_bill_number) references bill(bill_number)
);
insert into senator (senator_name, senator_bill_number, email, date_elected, position) values ('Odetta Albury', 4, 'oalbury0@vimeo.com', '2017-08-21', 'Transcof');
insert into senator (senator_name, senator_bill_number, email, date_elected, position) values ('Haskell Blackesland', 4, 'hblackesland1@arstechnica.com', '2017-10-02', 'Namfix');
insert into senator (senator_name, senator_bill_number, email, date_elected, position) values ('Gussi Lillicrop', 4, 'glillicrop2@cbc.ca', '2017-05-18', 'Alphazap');
insert into senator (senator_name, senator_bill_number, email, date_elected, position) values ('Elinor Dizlie', 4, 'edizlie3@infoseek.co.jp', '2017-07-02', 'Sonair');
insert into senator (senator_name, senator_bill_number, email, date_elected, position) values ('Torry Rickeard', 3, 'trickeard4@typepad.com', '2017-10-25', 'Kanlam');
insert into senator (senator_name, senator_bill_number, email, date_elected, position) values ('Caz Bettenay', 3, 'cbettenay5@hubpages.com', '2017-04-10', 'Sonair');
insert into senator (senator_name, senator_bill_number, email, date_elected, position) values ('Hillier Antonoczyk', 3, 'hantonoczyk6@trellian.com', '2017-10-02', 'Flexidy');
insert into senator (senator_name, senator_bill_number, email, date_elected, position) values ('Ilka Band', 3, 'iband7@bandcamp.com', '2017-11-13', 'Overhold');
insert into senator (senator_name, senator_bill_number, email, date_elected, position) values ('Talyah Bothen', 2, 'tbothen8@wp.com', '2017-04-11', 'Zathin');
insert into senator (senator_name, senator_bill_number, email, date_elected, position) values ('Aubert Curnokk', 2, 'acurnokk9@springer.com', '2017-02-05', 'Bitchip');
insert into senator (senator_name, senator_bill_number, email, date_elected, position) values ('Nikolai Rouchy', 3, 'nrouchya@digg.com', '2017-10-11', 'Regrant');
insert into senator (senator_name, senator_bill_number, email, date_elected, position) values ('Gustie Reeson', 1, 'greesonb@shutterfly.com', '2017-08-15', 'Zontrax');
insert into senator (senator_name, senator_bill_number, email, date_elected, position) values ('Bev Lilleycrop', 1, 'blilleycropc@psu.edu', '2017-01-19', 'Fintone');
insert into senator (senator_name, senator_bill_number, email, date_elected, position) values ('Nadeen McGregor', 1, 'nmcgregord@nationalgeographic.com', '2017-07-04', 'Namfix');
insert into senator (senator_name, senator_bill_number, email, date_elected, position) values ('Seth McQuillen', 1, 'smcquillene@tripadvisor.com', '2017-09-20', 'Job');
insert into senator (senator_name, senator_bill_number, email, date_elected, position) values ('Barret Lively', 1, 'blivelyf@shop-pro.jp', '2017-02-11', 'Domainer');
insert into senator (senator_name, senator_bill_number, email, date_elected, position) values ('Travers Gaffney', 1, 'tgaffneyg@sohu.com', '2017-04-16', 'Mat Lam Tam');
insert into senator (senator_name, senator_bill_number, email, date_elected, position) values ('Tiffi Vanelli', 1, 'tvanellih@flavors.me', '2017-03-10', 'Latlux');
insert into senator (senator_name, senator_bill_number, email, date_elected, position) values ('Brunhilde Utley', 1, 'butleyi@google.fr', '2016-12-06', 'Redhold');
insert into senator (senator_name, senator_bill_number, email, date_elected, position) values ('Alicea Hetterich', 1, 'ahetterichj@telegraph.co.uk', '2016-12-23', 'Ventosanzap');
insert into senator (senator_name, senator_bill_number, email, date_elected, position) values ('Raquel Beechcraft', 35, 'rbeechcraft0@bbb.org', '2017-06-14', 'Sonair');
insert into senator (senator_name, senator_bill_number, email, date_elected, position) values ('Kippie Giblin', 65, 'kgiblin1@yahoo.com', '2017-03-14', 'Y-find');
insert into senator (senator_name, senator_bill_number, email, date_elected, position) values ('Berkie Ferrucci', 96, 'bferrucci2@ezinearticles.com', '2017-11-19', 'Subin');
insert into senator (senator_name, senator_bill_number, email, date_elected, position) values ('Nonna Sinclar', 5, 'nsinclar3@gmpg.org', '2017-06-01', 'Ventosanzap');
insert into senator (senator_name, senator_bill_number, email, date_elected, position) values ('Darrelle Brunstan', 50, 'dbrunstan4@google.cn', '2017-01-29', 'Y-find');
insert into senator (senator_name, senator_bill_number, email, date_elected, position) values ('Mandy Wharin', 4, 'mwharin5@simplemachines.org', '2016-12-21', 'Gembucket');
insert into senator (senator_name, senator_bill_number, email, date_elected, position) values ('Aundrea Penella', 22, 'apenella6@nymag.com', '2017-09-10', 'Aerified');
insert into senator (senator_name, senator_bill_number, email, date_elected, position) values ('Eba Smalles', 35, 'esmalles7@unblog.fr', '2017-06-06', 'Andalax');
insert into senator (senator_name, senator_bill_number, email, date_elected, position) values ('Margarete Boame', 92, 'mboame8@cargocollective.com', '2017-07-03', 'Redhold');
insert into senator (senator_name, senator_bill_number, email, date_elected, position) values ('Scarface Dederick', 60, 'sdederick9@weebly.com', '2016-12-10', 'Cardguard');
insert into senator (senator_name, senator_bill_number, email, date_elected, position) values ('Klarrisa Glass', 22, 'kglassa@goo.ne.jp', '2017-06-26', 'Rank');
insert into senator (senator_name, senator_bill_number, email, date_elected, position) values ('Nikolos Lye', 55, 'nlyeb@pbs.org', '2017-07-10', 'Holdlamis');
insert into senator (senator_name, senator_bill_number, email, date_elected, position) values ('Olivie Lynett', 1, 'olynettc@sphinn.com', '2017-05-03', 'Voyatouch');
insert into senator (senator_name, senator_bill_number, email, date_elected, position) values ('Natale Mynott', 7, 'nmynottd@weibo.com', '2017-08-07', 'Flowdesk');
insert into senator (senator_name, senator_bill_number, email, date_elected, position) values ('Carleen Jedrych', 38, 'cjedryche@sphinn.com', '2017-08-10', 'Holdlamis');
insert into senator (senator_name, senator_bill_number, email, date_elected, position) values ('Ramsay Slessar', 38, 'rslessarf@tripod.com', '2017-01-25', 'It');
insert into senator (senator_name, senator_bill_number, email, date_elected, position) values ('Debor Mottershaw', 40, 'dmottershawg@tmall.com', '2017-11-25', 'Flowdesk');
insert into senator (senator_name, senator_bill_number, email, date_elected, position) values ('Worthy Burress', 38, 'wburressh@constantcontact.com', '2016-12-06', 'Home Ing');
insert into senator (senator_name, senator_bill_number, email, date_elected, position) values ('Des Bande', 55, 'dbandei@comcast.net', '2017-03-22', 'Home Ing');
insert into senator (senator_name, senator_bill_number, email, date_elected, position) values ('Francene Massinger', 27, 'fmassingerj@slate.com', '2017-06-01', 'Viva');
insert into senator (senator_name, senator_bill_number, email, date_elected, position) values ('Korey Plumbridge', 86, 'kplumbridgek@nsw.gov.au', '2017-09-30', 'Konklab');
insert into senator (senator_name, senator_bill_number, email, date_elected, position) values ('Jared Redmayne', 40, 'jredmaynel@dailymail.co.uk', '2017-04-04', 'Keylex');
insert into senator (senator_name, senator_bill_number, email, date_elected, position) values ('Nanci Dance', 88, 'ndancem@rambler.ru', '2016-12-30', 'Zamit');
insert into senator (senator_name, senator_bill_number, email, date_elected, position) values ('Theda Rotherham', 80, 'trotherhamn@google.co.jp', '2017-01-17', 'Lotlux');
insert into senator (senator_name, senator_bill_number, email, date_elected, position) values ('Trenton Paskell', 76, 'tpaskello@netlog.com', '2017-07-07', 'Cookley');
insert into senator (senator_name, senator_bill_number, email, date_elected, position) values ('Aubert Gliddon', 87, 'agliddonp@wsj.com', '2017-02-21', 'Lotstring');
insert into senator (senator_name, senator_bill_number, email, date_elected, position) values ('Denyse Benstead', 92, 'dbensteadq@blogspot.com', '2017-08-05', 'Cardify');
insert into senator (senator_name, senator_bill_number, email, date_elected, position) values ('Esme Lightman', 86, 'elightmanr@cafepress.com', '2017-08-09', 'Kanlam');
insert into senator (senator_name, senator_bill_number, email, date_elected, position) values ('Hammad Tidbold', 62, 'htidbolds@shutterfly.com', '2017-07-28', 'Aerified');
insert into senator (senator_name, senator_bill_number, email, date_elected, position) values ('Stern Urquhart', 51, 'surquhartt@imageshack.us', '2016-12-04', 'Regrant');
insert into senator (senator_name, senator_bill_number, email, date_elected, position) values ('Anders Seabert', 60, 'aseabertu@sina.com.cn', '2016-12-19', 'Zontrax');
insert into senator (senator_name, senator_bill_number, email, date_elected, position) values ('Ranna Pepperd', 92, 'rpepperdv@printfriendly.com', '2017-08-26', 'Daltfresh');
insert into senator (senator_name, senator_bill_number, email, date_elected, position) values ('Jeanie Kirsopp', 28, 'jkirsoppw@time.com', '2017-09-22', 'Tempsoft');
insert into senator (senator_name, senator_bill_number, email, date_elected, position) values ('Vivia Santhouse', 95, 'vsanthousex@wikipedia.org', '2017-10-22', 'Zontrax');
insert into senator (senator_name, senator_bill_number, email, date_elected, position) values ('Maridel Cambden', 17, 'mcambdeny@dell.com', '2017-05-22', 'Fix San');
insert into senator (senator_name, senator_bill_number, email, date_elected, position) values ('Joice Hould', 4, 'jhouldz@indiatimes.com', '2017-06-17', 'Stronghold');
insert into senator (senator_name, senator_bill_number, email, date_elected, position) values ('Ulla Gromley', 97, 'ugromley10@hhs.gov', '2017-07-29', 'Cardify');
insert into senator (senator_name, senator_bill_number, email, date_elected, position) values ('Catriona Doyley', 86, 'cdoyley11@mozilla.org', '2016-12-27', 'Bamity');
insert into senator (senator_name, senator_bill_number, email, date_elected, position) values ('Vernor Rentoll', 19, 'vrentoll12@tinypic.com', '2017-01-16', 'Viva');
insert into senator (senator_name, senator_bill_number, email, date_elected, position) values ('Fulton Slimm', 18, 'fslimm13@fastcompany.com', '2017-08-04', 'Zontrax');
insert into senator (senator_name, senator_bill_number, email, date_elected, position) values ('Clerkclaude Lohde', 75, 'clohde14@boston.com', '2017-10-06', 'Hatity');
insert into senator (senator_name, senator_bill_number, email, date_elected, position) values ('Stu Morad', 71, 'smorad15@reverbnation.com', '2017-05-31', 'Cardify');
insert into senator (senator_name, senator_bill_number, email, date_elected, position) values ('Pip Tighe', 11, 'ptighe16@chronoengine.com', '2017-05-19', 'Zontrax');
insert into senator (senator_name, senator_bill_number, email, date_elected, position) values ('Bailie Episcopio', 83, 'bepiscopio17@nifty.com', '2017-06-15', 'Duobam');
insert into senator (senator_name, senator_bill_number, email, date_elected, position) values ('Rafferty Ricciardiello', 30, 'rricciardiello18@addthis.com', '2017-02-26', 'Solarbreeze');
insert into senator (senator_name, senator_bill_number, email, date_elected, position) values ('Pedro Caraher', 37, 'pcaraher19@ucla.edu', '2017-06-17', 'Stim');
insert into senator (senator_name, senator_bill_number, email, date_elected, position) values ('Lucita Pyper', 10, 'lpyper1a@sbwire.com', '2017-08-29', 'Temp');
insert into senator (senator_name, senator_bill_number, email, date_elected, position) values ('Griffy Skaife d''Ingerthorpe', 22, 'gskaife1b@cdc.gov', '2017-07-09', 'Bitchip');
insert into senator (senator_name, senator_bill_number, email, date_elected, position) values ('Thorsten Eyers', 44, 'teyers1c@yolasite.com', '2017-04-05', 'Veribet');
insert into senator (senator_name, senator_bill_number, email, date_elected, position) values ('Minni Peet', 4, 'mpeet1d@bing.com', '2017-10-08', 'Voltsillam');
insert into senator (senator_name, senator_bill_number, email, date_elected, position) values ('Maryjo Sowrah', 48, 'msowrah1e@bbc.co.uk', '2016-12-19', 'Sub-Ex');
insert into senator (senator_name, senator_bill_number, email, date_elected, position) values ('Jeanette Hovee', 11, 'jhovee1f@cpanel.net', '2017-07-20', 'Bitwolf');
insert into senator (senator_name, senator_bill_number, email, date_elected, position) values ('Stefa Pirrey', 19, 'spirrey1g@barnesandnoble.com', '2017-07-22', 'Kanlam');
insert into senator (senator_name, senator_bill_number, email, date_elected, position) values ('Ferdinand Heintze', 65, 'fheintze1h@nydailynews.com', '2017-09-30', 'Sub-Ex');
insert into senator (senator_name, senator_bill_number, email, date_elected, position) values ('Richie Readwing', 43, 'rreadwing1i@europa.eu', '2017-07-29', 'Redhold');
insert into senator (senator_name, senator_bill_number, email, date_elected, position) values ('Rasla Baughn', 36, 'rbaughn1j@yelp.com', '2017-03-01', 'Solarbreeze');
insert into senator (senator_name, senator_bill_number, email, date_elected, position) values ('Courtenay Kern', 100, 'ckern1k@si.edu', '2017-02-11', 'Fintone');
insert into senator (senator_name, senator_bill_number, email, date_elected, position) values ('Beulah MacKowle', 82, 'bmackowle1l@technorati.com', '2017-03-09', 'Andalax');
insert into senator (senator_name, senator_bill_number, email, date_elected, position) values ('Vanna Dripp', 11, 'vdripp1m@list-manage.com', '2017-08-30', 'Sub-Ex');
insert into senator (senator_name, senator_bill_number, email, date_elected, position) values ('Harbert Everington', 83, 'heverington1n@va.gov', '2016-12-18', 'Trippledex');
insert into senator (senator_name, senator_bill_number, email, date_elected, position) values ('Tore Chalice', 93, 'tchalice1o@squarespace.com', '2017-01-01', 'Bamity');
insert into senator (senator_name, senator_bill_number, email, date_elected, position) values ('Armin McCree', 33, 'amccree1p@senate.gov', '2017-05-26', 'Ventosanzap');
insert into senator (senator_name, senator_bill_number, email, date_elected, position) values ('Archibaldo Crinage', 52, 'acrinage1q@usda.gov', '2017-09-21', 'Fix San');
insert into senator (senator_name, senator_bill_number, email, date_elected, position) values ('Ephrem Bice', 47, 'ebice1r@lycos.com', '2016-12-28', 'Ronstring');
insert into senator (senator_name, senator_bill_number, email, date_elected, position) values ('Auria Riccelli', 9, 'ariccelli1s@un.org', '2017-05-07', 'Ronstring');
insert into senator (senator_name, senator_bill_number, email, date_elected, position) values ('Julietta Cotterell', 23, 'jcotterell1t@tinyurl.com', '2016-12-16', 'Vagram');
insert into senator (senator_name, senator_bill_number, email, date_elected, position) values ('Morry Jefford', 46, 'mjefford1u@xing.com', '2016-12-08', 'Toughjoyfax');
insert into senator (senator_name, senator_bill_number, email, date_elected, position) values ('Ade Figin', 25, 'afigin1v@privacy.gov.au', '2017-01-03', 'Fix San');
insert into senator (senator_name, senator_bill_number, email, date_elected, position) values ('Barbi Dowson', 68, 'bdowson1w@ca.gov', '2016-12-30', 'Daltfresh');
insert into senator (senator_name, senator_bill_number, email, date_elected, position) values ('Halsey Godsell', 26, 'hgodsell1x@lycos.com', '2017-03-01', 'Trippledex');
insert into senator (senator_name, senator_bill_number, email, date_elected, position) values ('Mary Hindes', 1, 'mhindes1y@wsj.com', '2017-08-17', 'Alpha');
insert into senator (senator_name, senator_bill_number, email, date_elected, position) values ('Kathleen Yakubov', 93, 'kyakubov1z@squidoo.com', '2017-07-17', 'Lotlux');
insert into senator (senator_name, senator_bill_number, email, date_elected, position) values ('Thatcher Armfirld', 92, 'tarmfirld20@google.ru', '2017-11-23', 'Hatity');
insert into senator (senator_name, senator_bill_number, email, date_elected, position) values ('Harmon Medmore', 64, 'hmedmore21@hatena.ne.jp', '2017-11-12', 'Vagram');
insert into senator (senator_name, senator_bill_number, email, date_elected, position) values ('Vanya Tolan', 18, 'vtolan22@flavors.me', '2017-04-26', 'Zoolab');
insert into senator (senator_name, senator_bill_number, email, date_elected, position) values ('Isahella Drover', 51, 'idrover23@studiopress.com', '2017-10-13', 'Stringtough');
insert into senator (senator_name, senator_bill_number, email, date_elected, position) values ('Ailis Cockburn', 63, 'acockburn24@google.com.hk', '2017-07-11', 'Home Ing');
insert into senator (senator_name, senator_bill_number, email, date_elected, position) values ('Nigel Goodhand', 82, 'ngoodhand25@ca.gov', '2017-06-07', 'Cardify');
insert into senator (senator_name, senator_bill_number, email, date_elected, position) values ('Benny McGarry', 20, 'bmcgarry26@is.gd', '2017-08-21', 'Veribet');
insert into senator (senator_name, senator_bill_number, email, date_elected, position) values ('Dallas Tribble', 43, 'dtribble27@e-recht24.de', '2017-01-24', 'Sub-Ex');
create table house_member (
	house_member_id INT AUTO_INCREMENT,
	house_member_name VARCHAR(50),
	house_member_bill_number INT,
	email VARCHAR(50),
	date_elected DATE,
	position VARCHAR(50),
	constraint house_member_house_member_id_pk primary key(house_member_id), 
	constraint bill_fk2 foreign key(house_member_bill_number) references bill(bill_number)
);
insert into house_member (house_member_name, house_member_bill_number, email, date_elected, position) values ('Conway Pimbley', 1, 'cpimbley0@symantec.com', '2017-03-15', 'Lotstring');
insert into house_member (house_member_name, house_member_bill_number, email, date_elected, position) values ('Keely Rontree', 1, 'krontree1@surveymonkey.com', '2017-02-27', 'Bytecard');
insert into house_member (house_member_name, house_member_bill_number, email, date_elected, position) values ('Margot Porritt', 1, 'mporritt2@myspace.com', '2017-10-12', 'Opela');
insert into house_member (house_member_name, house_member_bill_number, email, date_elected, position) values ('Jessica Ritchie', 1, 'jritchie3@51.la', '2017-03-21', 'Solarbreeze');
insert into house_member (house_member_name, house_member_bill_number, email, date_elected, position) values ('Floris Vyse', 1, 'fvyse4@nationalgeographic.com', '2016-11-22', 'Alpha');
insert into house_member (house_member_name, house_member_bill_number, email, date_elected, position) values ('Maridel Placide', 1, 'mplacide5@nyu.edu', '2017-01-08', 'Kanlam');
insert into house_member (house_member_name, house_member_bill_number, email, date_elected, position) values ('Hayes Livingstone', 1, 'hlivingstone6@photobucket.com', '2017-04-08', 'Konklux');
insert into house_member (house_member_name, house_member_bill_number, email, date_elected, position) values ('Sherlocke Dennistoun',2, 'sdennistoun7@ca.gov', '2017-09-16', 'Bamity');
insert into house_member (house_member_name, house_member_bill_number, email, date_elected, position) values ('Wilmar Pomfrett',2, 'wpomfrett8@soundcloud.com', '2017-01-20', 'Daltfresh');
insert into house_member (house_member_name, house_member_bill_number, email, date_elected, position) values ('Wiatt Bartlosz', 2, 'wbartlosz9@diigo.com', '2017-06-18', 'Otcom');
insert into house_member (house_member_name, house_member_bill_number, email, date_elected, position) values ('Diannne Allonby',3 , 'dallonbya@miibeian.gov.cn', '2017-02-03', 'Mat Lam Tam');
insert into house_member (house_member_name, house_member_bill_number, email, date_elected, position) values ('Egon Liff', 4, 'eliffb@xrea.com', '2017-07-25', 'Bytecard');
insert into house_member (house_member_name, house_member_bill_number, email, date_elected, position) values ('Sutton Warby', 3, 'swarbyc@i2i.jp', '2016-12-07', 'Biodex');
insert into house_member (house_member_name, house_member_bill_number, email, date_elected, position) values ('Emmy Tuminelli', 3, 'etuminellid@oaic.gov.au', '2017-10-18', 'Lotstring');
insert into house_member (house_member_name, house_member_bill_number, email, date_elected, position) values ('Erroll MacAndie', 3, 'emacandiee@blogtalkradio.com', '2017-11-10', 'Bytecard');
insert into house_member (house_member_name, house_member_bill_number, email, date_elected, position) values ('Cinnamon Truggian',4, 'ctruggianf@github.io', '2017-08-02', 'Y-Solowarm');
insert into house_member (house_member_name, house_member_bill_number, email, date_elected, position) values ('Drusi Vasyunichev', 4, 'dvasyunichevg@answers.com', '2017-05-18', 'Mat Lam Tam');
insert into house_member (house_member_name, house_member_bill_number, email, date_elected, position) values ('Nichole Airy', 3, 'nairyh@xrea.com', '2017-10-13', 'Pannier');
insert into house_member (house_member_name, house_member_bill_number, email, date_elected, position) values ('Jay Elnough', 3, 'jelnoughi@narod.ru', '2017-09-01', 'Sub-Ex');
insert into house_member (house_member_name, house_member_bill_number, email, date_elected, position) values ('Fania Aspenlon', 3, 'faspenlonj@networksolutions.com', '2017-07-05', 'Zaam-Dox');
insert into house_member (house_member_name, house_member_bill_number, email, date_elected, position) values ('Gerhardine Payne', 87, 'gpayne0@pagesperso-orange.fr', '2017-05-26', 'Fixflex');
insert into house_member (house_member_name, house_member_bill_number, email, date_elected, position) values ('Reagen Wiltsher', 9, 'rwiltsher1@walmart.com', '2017-10-07', 'Zamit');
insert into house_member (house_member_name, house_member_bill_number, email, date_elected, position) values ('Perle Mc Cahey', 49, 'pmc2@forbes.com', '2017-09-04', 'Ronstring');
insert into house_member (house_member_name, house_member_bill_number, email, date_elected, position) values ('Jaquelin Laraway', 33, 'jlaraway3@posterous.com', '2017-04-14', 'Holdlamis');
insert into house_member (house_member_name, house_member_bill_number, email, date_elected, position) values ('Joceline Brogan', 90, 'jbrogan4@google.es', '2017-06-21', 'Sonsing');
insert into house_member (house_member_name, house_member_bill_number, email, date_elected, position) values ('Viva Matysiak', 30, 'vmatysiak5@artisteer.com', '2017-04-06', 'Job');
insert into house_member (house_member_name, house_member_bill_number, email, date_elected, position) values ('Claribel Schanke', 59, 'cschanke6@g.co', '2017-01-17', 'Voyatouch');
insert into house_member (house_member_name, house_member_bill_number, email, date_elected, position) values ('Caterina Dallaway', 19, 'cdallaway7@economist.com', '2017-05-14', 'Home Ing');
insert into house_member (house_member_name, house_member_bill_number, email, date_elected, position) values ('Jena Renny', 20, 'jrenny8@simplemachines.org', '2017-05-31', 'Hatity');
insert into house_member (house_member_name, house_member_bill_number, email, date_elected, position) values ('Wendi Gaydon', 40, 'wgaydon9@sphinn.com', '2017-04-30', 'Stronghold');
insert into house_member (house_member_name, house_member_bill_number, email, date_elected, position) values ('Isis Beebe', 99, 'ibeebea@g.co', '2017-06-19', 'Transcof');
insert into house_member (house_member_name, house_member_bill_number, email, date_elected, position) values ('Val Purple', 58, 'vpurpleb@prnewswire.com', '2017-03-08', 'Duobam');
insert into house_member (house_member_name, house_member_bill_number, email, date_elected, position) values ('Pascale Lippiett', 40, 'plippiettc@bloomberg.com', '2017-09-19', 'Zamit');
insert into house_member (house_member_name, house_member_bill_number, email, date_elected, position) values ('Tanner Prestedge', 71, 'tprestedged@redcross.org', '2017-09-10', 'Asoka');
insert into house_member (house_member_name, house_member_bill_number, email, date_elected, position) values ('Shell Coultous', 49, 'scoultouse@soundcloud.com', '2017-06-22', 'Sonsing');
insert into house_member (house_member_name, house_member_bill_number, email, date_elected, position) values ('Abigael Bonfield', 71, 'abonfieldf@china.com.cn', '2017-05-17', 'Biodex');
insert into house_member (house_member_name, house_member_bill_number, email, date_elected, position) values ('Egan Dafydd', 17, 'edafyddg@istockphoto.com', '2017-08-27', 'Stringtough');
insert into house_member (house_member_name, house_member_bill_number, email, date_elected, position) values ('Pierrette Forbes', 5, 'pforbesh@earthlink.net', '2017-02-07', 'Greenlam');
insert into house_member (house_member_name, house_member_bill_number, email, date_elected, position) values ('Idell Petrol', 44, 'ipetroli@sina.com.cn', '2017-04-30', 'Home Ing');
insert into house_member (house_member_name, house_member_bill_number, email, date_elected, position) values ('Peggy Dinnage', 79, 'pdinnagej@mtv.com', '2016-12-19', 'Voyatouch');
insert into house_member (house_member_name, house_member_bill_number, email, date_elected, position) values ('Osbourne Garr', 62, 'ogarrk@4shared.com', '2017-06-24', 'Home Ing');
insert into house_member (house_member_name, house_member_bill_number, email, date_elected, position) values ('Andreana Sam', 47, 'asaml@economist.com', '2017-03-12', 'Viva');
insert into house_member (house_member_name, house_member_bill_number, email, date_elected, position) values ('Jefferey Bastard', 18, 'jbastardm@plala.or.jp', '2017-09-14', 'Namfix');
insert into house_member (house_member_name, house_member_bill_number, email, date_elected, position) values ('Claiborne Govey', 79, 'cgoveyn@facebook.com', '2017-01-15', 'Job');
insert into house_member (house_member_name, house_member_bill_number, email, date_elected, position) values ('Howey Kidwell', 99, 'hkidwello@dailymotion.com', '2016-12-18', 'Subin');
insert into house_member (house_member_name, house_member_bill_number, email, date_elected, position) values ('Lew Lovewell', 12, 'llovewellp@yandex.ru', '2016-12-17', 'Treeflex');
insert into house_member (house_member_name, house_member_bill_number, email, date_elected, position) values ('Delphinia Galliver', 70, 'dgalliverq@europa.eu', '2017-09-24', 'Temp');
insert into house_member (house_member_name, house_member_bill_number, email, date_elected, position) values ('Hurleigh Powton', 29, 'hpowtonr@theglobeandmail.com', '2017-10-22', 'Bitwolf');
insert into house_member (house_member_name, house_member_bill_number, email, date_elected, position) values ('Adora Beeck', 82, 'abeecks@github.io', '2017-03-26', 'Rank');
insert into house_member (house_member_name, house_member_bill_number, email, date_elected, position) values ('Arie Feldbau', 94, 'afeldbaut@ezinearticles.com', '2017-06-03', 'Asoka');
insert into house_member (house_member_name, house_member_bill_number, email, date_elected, position) values ('Alisun Strank', 30, 'astranku@cbslocal.com', '2017-01-19', 'Holdlamis');
insert into house_member (house_member_name, house_member_bill_number, email, date_elected, position) values ('Jennine Ziems', 67, 'jziemsv@buzzfeed.com', '2017-05-16', 'Tres-Zap');
insert into house_member (house_member_name, house_member_bill_number, email, date_elected, position) values ('Malvina Blurton', 11, 'mblurtonw@mac.com', '2017-07-19', 'Viva');
insert into house_member (house_member_name, house_member_bill_number, email, date_elected, position) values ('Barr Bowick', 46, 'bbowickx@berkeley.edu', '2017-11-11', 'Zathin');
insert into house_member (house_member_name, house_member_bill_number, email, date_elected, position) values ('Reube Readman', 37, 'rreadmany@wiley.com', '2017-11-06', 'Prodder');
insert into house_member (house_member_name, house_member_bill_number, email, date_elected, position) values ('Rene Piniur', 65, 'rpiniurz@bravesites.com', '2017-10-13', 'Tres-Zap');
insert into house_member (house_member_name, house_member_bill_number, email, date_elected, position) values ('Merrill MacCall', 55, 'mmaccall10@storify.com', '2017-05-26', 'Alpha');
insert into house_member (house_member_name, house_member_bill_number, email, date_elected, position) values ('Nicol Biesinger', 13, 'nbiesinger11@marketwatch.com', '2017-06-08', 'Alphazap');
insert into house_member (house_member_name, house_member_bill_number, email, date_elected, position) values ('Mylo Fardy', 67, 'mfardy12@usda.gov', '2017-04-06', 'Mat Lam Tam');
insert into house_member (house_member_name, house_member_bill_number, email, date_elected, position) values ('Andee Stirman', 9, 'astirman13@dell.com', '2017-11-01', 'Tres-Zap');
insert into house_member (house_member_name, house_member_bill_number, email, date_elected, position) values ('Brigida Amoss', 84, 'bamoss14@mozilla.com', '2017-05-13', 'Flexidy');
insert into house_member (house_member_name, house_member_bill_number, email, date_elected, position) values ('Zacharia Quartermaine', 33, 'zquartermaine15@blogtalkradio.com', '2017-07-23', 'Toughjoyfax');
insert into house_member (house_member_name, house_member_bill_number, email, date_elected, position) values ('Nikolas Hovel', 76, 'nhovel16@myspace.com', '2017-02-12', 'Andalax');
insert into house_member (house_member_name, house_member_bill_number, email, date_elected, position) values ('Annie Witherden', 60, 'awitherden17@xing.com', '2017-11-26', 'Fix San');
insert into house_member (house_member_name, house_member_bill_number, email, date_elected, position) values ('Wolfie Caulliere', 36, 'wcaulliere18@nba.com', '2017-09-05', 'Bitwolf');
insert into house_member (house_member_name, house_member_bill_number, email, date_elected, position) values ('Ardelia Edel', 48, 'aedel19@friendfeed.com', '2017-10-16', 'Matsoft');
insert into house_member (house_member_name, house_member_bill_number, email, date_elected, position) values ('Sarge Bixley', 86, 'sbixley1a@chron.com', '2017-07-09', 'Solarbreeze');
insert into house_member (house_member_name, house_member_bill_number, email, date_elected, position) values ('Codie Canadas', 95, 'ccanadas1b@dailymotion.com', '2016-12-10', 'Subin');
insert into house_member (house_member_name, house_member_bill_number, email, date_elected, position) values ('Alysia Southgate', 95, 'asouthgate1c@ihg.com', '2017-06-07', 'Sub-Ex');
insert into house_member (house_member_name, house_member_bill_number, email, date_elected, position) values ('Pia Hansill', 46, 'phansill1d@storify.com', '2017-04-28', 'Greenlam');
insert into house_member (house_member_name, house_member_bill_number, email, date_elected, position) values ('Geoffrey Scanterbury', 15, 'gscanterbury1e@umich.edu', '2017-09-28', 'Biodex');
insert into house_member (house_member_name, house_member_bill_number, email, date_elected, position) values ('Granville Grayshon', 10, 'ggrayshon1f@bandcamp.com', '2017-10-11', 'Voyatouch');
insert into house_member (house_member_name, house_member_bill_number, email, date_elected, position) values ('Andrea Marco', 10, 'amarco1g@studiopress.com', '2017-07-13', 'Biodex');
insert into house_member (house_member_name, house_member_bill_number, email, date_elected, position) values ('Farrand O''Carran', 1, 'focarran1h@usa.gov', '2017-10-20', 'Rank');
insert into house_member (house_member_name, house_member_bill_number, email, date_elected, position) values ('Nanni Kastel', 6, 'nkastel1i@washington.edu', '2017-02-24', 'Voyatouch');
insert into house_member (house_member_name, house_member_bill_number, email, date_elected, position) values ('Kylie Gerler', 86, 'kgerler1j@gravatar.com', '2017-06-14', 'Aerified');
insert into house_member (house_member_name, house_member_bill_number, email, date_elected, position) values ('Tammie Peabody', 61, 'tpeabody1k@bloomberg.com', '2017-06-17', 'Zamit');
insert into house_member (house_member_name, house_member_bill_number, email, date_elected, position) values ('Gypsy Fealy', 4, 'gfealy1l@xinhuanet.com', '2017-10-04', 'Rank');
insert into house_member (house_member_name, house_member_bill_number, email, date_elected, position) values ('Merrily Lamperti', 14, 'mlamperti1m@bbb.org', '2017-11-30', 'Rank');
insert into house_member (house_member_name, house_member_bill_number, email, date_elected, position) values ('Shannon Dowles', 21, 'sdowles1n@wikipedia.org', '2017-05-29', 'Flexidy');
insert into house_member (house_member_name, house_member_bill_number, email, date_elected, position) values ('Martyn Strangward', 24, 'mstrangward1o@sbwire.com', '2017-08-16', 'Keylex');
insert into house_member (house_member_name, house_member_bill_number, email, date_elected, position) values ('Reese Czapla', 49, 'rczapla1p@springer.com', '2017-09-28', 'Cardify');
insert into house_member (house_member_name, house_member_bill_number, email, date_elected, position) values ('Merlina Bickerdike', 95, 'mbickerdike1q@umich.edu', '2017-05-14', 'Daltfresh');
insert into house_member (house_member_name, house_member_bill_number, email, date_elected, position) values ('Filip Janiszewski', 96, 'fjaniszewski1r@auda.org.au', '2017-11-18', 'Keylex');
insert into house_member (house_member_name, house_member_bill_number, email, date_elected, position) values ('Jacynth Collocott', 89, 'jcollocott1s@github.io', '2017-07-24', 'Zoolab');
insert into house_member (house_member_name, house_member_bill_number, email, date_elected, position) values ('Mindy Dwyer', 22, 'mdwyer1t@ehow.com', '2017-11-03', 'Aerified');
insert into house_member (house_member_name, house_member_bill_number, email, date_elected, position) values ('Adelaide Lightbourne', 80, 'alightbourne1u@addthis.com', '2017-09-19', 'It');
insert into house_member (house_member_name, house_member_bill_number, email, date_elected, position) values ('Ashia Sambals', 20, 'asambals1v@nps.gov', '2017-05-17', 'Alphazap');
insert into house_member (house_member_name, house_member_bill_number, email, date_elected, position) values ('Corrianne Deverille', 51, 'cdeverille1w@who.int', '2017-03-25', 'Wrapsafe');
insert into house_member (house_member_name, house_member_bill_number, email, date_elected, position) values ('Tod Rankcom', 22, 'trankcom1x@pinterest.com', '2017-06-09', 'Mat Lam Tam');
insert into house_member (house_member_name, house_member_bill_number, email, date_elected, position) values ('Geri Ottosen', 23, 'gottosen1y@yandex.ru', '2017-02-03', 'Gembucket');
insert into house_member (house_member_name, house_member_bill_number, email, date_elected, position) values ('Laney Royce', 88, 'lroyce1z@lulu.com', '2017-08-22', 'Greenlam');
insert into house_member (house_member_name, house_member_bill_number, email, date_elected, position) values ('Evelyn Fourmy', 68, 'efourmy20@ted.com', '2017-02-02', 'Solarbreeze');
insert into house_member (house_member_name, house_member_bill_number, email, date_elected, position) values ('Phoebe Ogdahl', 5, 'pogdahl21@tripod.com', '2016-12-21', 'Span');
insert into house_member (house_member_name, house_member_bill_number, email, date_elected, position) values ('Allis Atchly', 2, 'aatchly22@pagesperso-orange.fr', '2017-10-29', 'Tres-Zap');
insert into house_member (house_member_name, house_member_bill_number, email, date_elected, position) values ('Alfons Swannack', 94, 'aswannack23@freewebs.com', '2017-04-03', 'Latlux');
insert into house_member (house_member_name, house_member_bill_number, email, date_elected, position) values ('Foster Bastistini', 39, 'fbastistini24@addtoany.com', '2017-08-07', 'Y-find');
insert into house_member (house_member_name, house_member_bill_number, email, date_elected, position) values ('Alanson Chisholm', 64, 'achisholm25@patch.com', '2017-05-20', 'Rank');
insert into house_member (house_member_name, house_member_bill_number, email, date_elected, position) values ('Courtney Roseby', 33, 'croseby26@tripod.com', '2017-03-07', 'Matsoft');
insert into house_member (house_member_name, house_member_bill_number, email, date_elected, position) values ('Yovonnda Priver', 62, 'ypriver27@nymag.com', '2017-08-16', 'Cardguard');